﻿<parameters>
  <parameter name="IIS Web Application Name" defaultValue="Default Web Site/ZP50.Web_deploy" tags="IisApp">
    <parameterEntry kind="ProviderPath" scope="IisApp" match="^C:\\Users\\Andrea\\Documents\\Visual\ Studio\ 2017\\Projects\\ZP50\\ZP50\.Web\\obj\\Release\\Package\\PackageTmp$" />
    <parameterEntry kind="ProviderPath" scope="setAcl" match="^C:\\Users\\Andrea\\Documents\\Visual\ Studio\ 2017\\Projects\\ZP50\\ZP50\.Web\\obj\\Release\\Package\\PackageTmp$" />
  </parameter>
  <parameter name="ApplicationContext-Web.config Connection String" defaultValue="Server=62.149.153.63;Database=MSSql172396;User Id=MSSql172396;Password=i5642na48a;">
    <parameterEntry kind="XmlFile" scope="C:\\Users\\Andrea\\Documents\\Visual\ Studio\ 2017\\Projects\\ZP50\\ZP50\.Web\\obj\\Release\\Package\\PackageTmp\\Web\.config$" match="/configuration/connectionStrings/add[@name='ApplicationContext']/@connectionString" />
  </parameter>
  <parameter name="DefaultConnection-Web.config Connection String" defaultValue="Server=62.149.153.63;Database=MSSql172396;User Id=MSSql172396;Password=i5642na48a;">
    <parameterEntry kind="XmlFile" scope="C:\\Users\\Andrea\\Documents\\Visual\ Studio\ 2017\\Projects\\ZP50\\ZP50\.Web\\obj\\Release\\Package\\PackageTmp\\Web\.config$" match="/configuration/connectionStrings/add[@name='DefaultConnection']/@connectionString" />
  </parameter>
</parameters>